title,description,published date,url,publisher,sentiment_score,sentiment_class
Apple is working on a fix for iPhone 15 overheating issues - Engadget,"Apple is working on a fix for iPhone 15 overheating issues  EngadgetApple to Address iPhone 15 Pro Overheating Issue With iOS 17 Update  MacRumorsApple says iPhone 15 overheating not a hardware issue, and a fix is coming  ZDNet","Mon, 02 Oct 2023 09:15:41 GMT",https://consent.google.com/m?continue=https://news.google.com/rss/articles/CBMiYmh0dHBzOi8vd3d3LmVuZ2FkZ2V0LmNvbS9hcHBsZS1pcy13b3JraW5nLW9uLWEtZml4LWZvci1pcGhvbmUtMTUtb3ZlcmhlYXRpbmctaXNzdWVzLTA5MTU0MTE3Ny5odG1s0gFmaHR0cHM6Ly93d3cuZW5nYWRnZXQuY29tL2FtcC9hcHBsZS1pcy13b3JraW5nLW9uLWEtZml4LWZvci1pcGhvbmUtMTUtb3ZlcmhlYXRpbmctaXNzdWVzLTA5MTU0MTE3Ny5odG1s?oc%3D5&gl=DE&m=0&pc=n&cm=2&hl=en-US&src=1,"{'href': 'https://www.engadget.com', 'title': 'Engadget'}",0.9989528656005859,neutral
"Could Apple Replace Google With Own Search Engine? It's Possible, but Unlikely - Bloomberg","Could Apple Replace Google With Own Search Engine? It's Possible, but Unlikely  BloombergMicrosoft blames Google for Apple rejecting offer to buy Bing  Search Engine LandApple plans to upgrade the App Store's search engine, and it might not stop there  The Verge","Sun, 01 Oct 2023 13:00:03 GMT",https://consent.google.com/m?continue=https://news.google.com/rss/articles/CBMiiwFodHRwczovL3d3dy5ibG9vbWJlcmcuY29tL25ld3MvbmV3c2xldHRlcnMvMjAyMy0xMC0wMS9jb3VsZC1hcHBsZS1yZXBsYWNlLWdvb2dsZS13aXRoLW93bi1zZWFyY2gtZW5naW5lLWl0LXMtcG9zc2libGUtYnV0LXVubGlrZWx5LWxuN2d5d2Vk0gEA?oc%3D5&gl=DE&m=0&pc=n&cm=2&hl=en-US&src=1,"{'href': 'https://www.bloomberg.com', 'title': 'Bloomberg'}",0.9951488375663757,neutral
Dutch regulator rejects Apple's objections to fines - Reuters,Dutch regulator rejects Apple's objections to fines  Reuters,"Mon, 02 Oct 2023 09:14:00 GMT",https://consent.google.com/m?continue=https://news.google.com/rss/articles/CBMiZmh0dHBzOi8vd3d3LnJldXRlcnMuY29tL3RlY2hub2xvZ3kvZHV0Y2gtcmVndWxhdG9yLXJlamVjdHMtYXBwbGVzLW9iamVjdGlvbnMtYWdhaW5zdC1maW5lcy0yMDIzLTEwLTAyL9IBAA?oc%3D5&gl=DE&m=0&pc=n&cm=2&hl=en-US&src=1,"{'href': 'https://www.reuters.com', 'title': 'Reuters'}",0.9949199557304382,neutral
Group Attacking Apple Encryption Linked to Dark-Money Network - The Intercept,Group Attacking Apple Encryption Linked to Dark-Money Network  The Intercept,"Sun, 01 Oct 2023 10:00:00 GMT",https://consent.google.com/m?continue=https://news.google.com/rss/articles/CBMiTGh0dHBzOi8vdGhlaW50ZXJjZXB0LmNvbS8yMDIzLzEwLzAxL2FwcGxlLWVuY3J5cHRpb24taXBob25lLWhlYXQtaW5pdGlhdGl2ZS_SAQA?oc%3D5&gl=DE&m=0&pc=n&cm=2&hl=en-US&src=1,"{'href': 'https://theintercept.com', 'title': 'The Intercept'}",0.9990630745887756,neutral
Inside One iPhone Factory Powering Apple's Pivot to India - TIME,Inside One iPhone Factory Powering Apple's Pivot to India  TIME,"Mon, 02 Oct 2023 09:00:00 GMT",https://consent.google.com/m?continue=https://news.google.com/rss/articles/CBMiNGh0dHBzOi8vdGltZS5jb20vNjMxODM2OS9hcHBsZS1pcGhvbmUtZmFjdG9yeS1pbmRpYS_SAQA?oc%3D5&gl=DE&m=0&pc=n&cm=2&hl=en-US&src=1,"{'href': 'https://time.com', 'title': 'TIME'}",0.9996981620788574,neutral
Apple Reportedly Making Push For Global Formula 1 Rights - Front Office Sports,Apple Reportedly Making Push For Global Formula 1 Rights  Front Office Sports,"Mon, 02 Oct 2023 01:19:15 GMT",https://consent.google.com/m?continue=https://news.google.com/rss/articles/CBMiV2h0dHBzOi8vZnJvbnRvZmZpY2VzcG9ydHMuY29tL2FwcGxlLXJlcG9ydGVkbHktbWFraW5nLXB1c2gtZm9yLWdsb2JhbC1mb3JtdWxhLTEtcmlnaHRzL9IBAA?oc%3D5&gl=DE&m=0&pc=n&cm=2&hl=en-US&src=1,"{'href': 'https://frontofficesports.com', 'title': 'Front Office Sports'}",0.9971863627433777,neutral
Apple mulls $2 billion a year offer for Formula 1 rights: report - Business Insider,Apple mulls $2 billion a year offer for Formula 1 rights: report  Business Insider,"Sun, 01 Oct 2023 11:53:00 GMT",https://consent.google.com/m?continue=https://news.google.com/rss/articles/CBMiYWh0dHBzOi8vd3d3LmJ1c2luZXNzaW5zaWRlci5jb20vZm9ybXVsYS1vbmUtYXBwbGUtbXVsbHMtdHdvLWJpbGxpb24teWVhci1vZmZlci1yaWdodHMtbWxzLTIwMjMtMTDSAWVodHRwczovL3d3dy5idXNpbmVzc2luc2lkZXIuY29tL2Zvcm11bGEtb25lLWFwcGxlLW11bGxzLXR3by1iaWxsaW9uLXllYXItb2ZmZXItcmlnaHRzLW1scy0yMDIzLTEwP2FtcA?oc%3D5&gl=DE&m=0&pc=n&cm=2&hl=en-US&src=1,"{'href': 'https://www.businessinsider.com', 'title': 'Business Insider'}",0.978141725063324,neutral
"Tinder goes ultra-premium, Amazon invests in Anthropic and Apple explains its new AirPods - TechCrunch","Tinder goes ultra-premium, Amazon invests in Anthropic and Apple explains its new AirPods  TechCrunch","Sat, 30 Sep 2023 20:15:49 GMT",https://consent.google.com/m?continue=https://news.google.com/rss/articles/CBMie2h0dHBzOi8vdGVjaGNydW5jaC5jb20vMjAyMy8wOS8zMC90aW5kZXItZ29lcy11bHRyYS1wcmVtaXVtLWFtYXpvbi1pbnZlc3RzLWluLWFudGhyb3BpYy1hbmQtYXBwbGUtZXhwbGFpbnMtaXRzLW5ldy1haXJwb2RzL9IBf2h0dHBzOi8vdGVjaGNydW5jaC5jb20vMjAyMy8wOS8zMC90aW5kZXItZ29lcy11bHRyYS1wcmVtaXVtLWFtYXpvbi1pbnZlc3RzLWluLWFudGhyb3BpYy1hbmQtYXBwbGUtZXhwbGFpbnMtaXRzLW5ldy1haXJwb2RzL2FtcC8?oc%3D5&gl=DE&m=0&pc=n&cm=2&hl=en-US&src=1,"{'href': 'https://techcrunch.com', 'title': 'TechCrunch'}",0.9992399215698242,neutral
New Apple Leak Reveals Disappointing MacBook Pro Decisions - Forbes,New Apple Leak Reveals Disappointing MacBook Pro Decisions  Forbes,"Sat, 30 Sep 2023 22:21:10 GMT",https://consent.google.com/m?continue=https://news.google.com/rss/articles/CBMiZWh0dHBzOi8vd3d3LmZvcmJlcy5jb20vc2l0ZXMvZXdhbnNwZW5jZS8yMDIzLzA5LzMwL2FwcGxlLW1hY2Jvb2stcHJvLWRlbGF5LW1hY2Jvb2stYWlyLW0zLXZpc2lvbi1wcm8v0gFpaHR0cHM6Ly93d3cuZm9yYmVzLmNvbS9zaXRlcy9ld2Fuc3BlbmNlLzIwMjMvMDkvMzAvYXBwbGUtbWFjYm9vay1wcm8tZGVsYXktbWFjYm9vay1haXItbTMtdmlzaW9uLXByby9hbXAv?oc%3D5&gl=DE&m=0&pc=n&cm=2&hl=en-US&src=1,"{'href': 'https://www.forbes.com', 'title': 'Forbes'}",0.9995443224906921,neutral
"Apple Watch Ultra Display Too Dim in Low Light, Say Some Users - MacRumors","Apple Watch Ultra Display Too Dim in Low Light, Say Some Users  MacRumors","Mon, 02 Oct 2023 09:58:47 GMT",https://consent.google.com/m?continue=https://news.google.com/rss/articles/CBMiVGh0dHBzOi8vd3d3Lm1hY3J1bW9ycy5jb20vMjAyMy8xMC8wMi9hcHBsZS13YXRjaC11bHRyYS1kaXNwbGF5LXRvby1kaW0taW4tbG93LWxpZ2h0L9IBAA?oc%3D5&gl=DE&m=0&pc=n&cm=2&hl=en-US&src=1,"{'href': 'https://www.macrumors.com', 'title': 'MacRumors'}",0.9996728897094727,neutral
The brand-new Apple Watch Series 9 is currently up to $51 off on Amazon; save on one while you can - PhoneArena,The brand-new Apple Watch Series 9 is currently up to $51 off on Amazon; save on one while you can  PhoneArena,"Mon, 02 Oct 2023 12:23:16 GMT",https://consent.google.com/m?continue=https://news.google.com/rss/articles/CBMiSWh0dHBzOi8vd3d3LnBob25lYXJlbmEuY29tL25ld3MvYXBwbGUtd2F0Y2gtc2VyaWVzLTktYW1hem9uLWRlYWxfaWQxNTExNTbSAQA?oc%3D5&gl=DE&m=0&pc=n&cm=2&hl=en-US&src=1,"{'href': 'https://www.phonearena.com', 'title': 'PhoneArena'}",0.9947187900543213,neutral
Apple Reportedly Has Ingredients to Create its Own Search Engine - CNET,Apple Reportedly Has Ingredients to Create its Own Search Engine  CNET,"Sun, 01 Oct 2023 17:15:00 GMT",https://consent.google.com/m?continue=https://news.google.com/rss/articles/CBMiYmh0dHBzOi8vd3d3LmNuZXQuY29tL3RlY2gvbW9iaWxlL2FwcGxlLXJlcG9ydGVkbHktaGFzLWluZ3JlZGllbnRzLXRvLWNyZWF0ZS1pdHMtb3duLXNlYXJjaC1lbmdpbmUv0gEA?oc%3D5&gl=DE&m=0&pc=n&cm=2&hl=en-US&src=1,"{'href': 'https://www.cnet.com', 'title': 'CNET'}",0.999660849571228,neutral
Why your new Apple iPhone 15 is overheating - BBC,Why your new Apple iPhone 15 is overheating  BBC,"Mon, 02 Oct 2023 11:19:27 GMT",https://consent.google.com/m?continue=https://news.google.com/rss/articles/CBMiLGh0dHBzOi8vd3d3LmJiYy5jb20vbmV3cy90ZWNobm9sb2d5LTY2OTgyNzYy0gEwaHR0cHM6Ly93d3cuYmJjLmNvbS9uZXdzL3RlY2hub2xvZ3ktNjY5ODI3NjIuYW1w?oc%3D5&gl=DE&m=0&pc=n&cm=2&hl=en-US&src=1,"{'href': 'https://www.bbc.com', 'title': 'BBC'}",0.6863882541656494,neutral
It's time for Apple to retire the iPhone SE - Macworld,It's time for Apple to retire the iPhone SE  Macworld,"Mon, 02 Oct 2023 10:30:00 GMT",https://consent.google.com/m?continue=https://news.google.com/rss/articles/CBMiUGh0dHBzOi8vd3d3Lm1hY3dvcmxkLmNvbS9hcnRpY2xlLzIwODAxNjAvdGltZS1mb3ItYXBwbGUtdG8tcmV0aXJlLWlwaG9uZS1zZS5odG1s0gEA?oc%3D5&gl=DE&m=0&pc=n&cm=2&hl=en-US&src=1,"{'href': 'https://www.macworld.com', 'title': 'Macworld'}",0.9994705319404602,neutral
Will Apple Release New iPads This Year? - MacRumors,Will Apple Release New iPads This Year?  MacRumors,"Mon, 02 Oct 2023 11:41:48 GMT",https://consent.google.com/m?continue=https://news.google.com/rss/articles/CBMiTGh0dHBzOi8vd3d3Lm1hY3J1bW9ycy5jb20vMjAyMy8xMC8wMi93aWxsLWFwcGxlLXJlbGVhc2UtbmV3LWlwYWRzLXRoaXMteWVhci_SAQA?oc%3D5&gl=DE&m=0&pc=n&cm=2&hl=en-US&src=1,"{'href': 'https://www.macrumors.com', 'title': 'MacRumors'}",0.9981139898300171,neutral
Warning: BMW Wireless Charging May Break iPhone 15's Apple ... - MacRumors,Warning: BMW Wireless Charging May Break iPhone 15's Apple ...  MacRumors,"Sun, 01 Oct 2023 13:14:03 GMT",https://consent.google.com/m?continue=https://news.google.com/rss/articles/CBMiT2h0dHBzOi8vd3d3Lm1hY3J1bW9ycy5jb20vMjAyMy8xMC8wMS9ibXctY2hhcmdpbmctbWF5LWJyZWFrLWlwaG9uZS0xNS1uZmMtY2hpcC_SAQA?oc%3D5&gl=DE&m=0&pc=n&cm=2&hl=en-US&src=1,"{'href': 'https://www.macrumors.com', 'title': 'MacRumors'}",0.999190628528595,neutral
iPhone 15 and iPhone 15 Plus - apple.com,iPhone 15 and iPhone 15 Plus  apple.com,"Tue, 12 Sep 2023 18:25:25 GMT",https://consent.google.com/m?continue=https://news.google.com/rss/articles/CBMiIGh0dHBzOi8vd3d3LmFwcGxlLmNvbS9pcGhvbmUtMTUv0gEA?oc%3D5&gl=DE&m=0&pc=n&cm=2&hl=en-US&src=1,"{'href': 'https://www.apple.com', 'title': 'apple.com'}",0.999777615070343,neutral
Apple unveils iPhone 15 Pro and iPhone 15 Pro Max - apple.com,Apple unveils iPhone 15 Pro and iPhone 15 Pro Max  apple.com,"Tue, 12 Sep 2023 07:00:00 GMT",https://consent.google.com/m?continue=https://news.google.com/rss/articles/CBMiWWh0dHBzOi8vd3d3LmFwcGxlLmNvbS9uZXdzcm9vbS8yMDIzLzA5L2FwcGxlLXVudmVpbHMtaXBob25lLTE1LXByby1hbmQtaXBob25lLTE1LXByby1tYXgv0gEA?oc%3D5&gl=DE&m=0&pc=n&cm=2&hl=en-US&src=1,"{'href': 'https://www.apple.com', 'title': 'apple.com'}",0.9997944235801697,neutral
macOS Sonoma is available today - apple.com,macOS Sonoma is available today  apple.com,"Tue, 26 Sep 2023 17:01:33 GMT",https://consent.google.com/m?continue=https://news.google.com/rss/articles/CBMiR2h0dHBzOi8vd3d3LmFwcGxlLmNvbS9uZXdzcm9vbS8yMDIzLzA5L21hY29zLXNvbm9tYS1pcy1hdmFpbGFibGUtdG9kYXkv0gEA?oc%3D5&gl=DE&m=0&pc=n&cm=2&hl=en-US&src=1,"{'href': 'https://www.apple.com', 'title': 'apple.com'}",0.9996269941329956,neutral
Apple Releases Security Updates for Multiple Products - CISA,Apple Releases Security Updates for Multiple Products  CISA,"Thu, 28 Sep 2023 12:00:00 GMT",https://consent.google.com/m?continue=https://news.google.com/rss/articles/CBMiZGh0dHBzOi8vd3d3LmNpc2EuZ292L25ld3MtZXZlbnRzL2FsZXJ0cy8yMDIzLzA5LzI4L2FwcGxlLXJlbGVhc2VzLXNlY3VyaXR5LXVwZGF0ZXMtbXVsdGlwbGUtcHJvZHVjdHPSAQA?oc%3D5&gl=DE&m=0&pc=n&cm=2&hl=en-US&src=1,"{'href': 'https://www.cisa.gov', 'title': 'CISA'}",0.999731719493866,neutral
Over 100 new podcasts from top apps and services launch on Apple ... - apple.com,Over 100 new podcasts from top apps and services launch on Apple ...  apple.com,"Tue, 26 Sep 2023 12:00:38 GMT",https://consent.google.com/m?continue=https://news.google.com/rss/articles/CBMicWh0dHBzOi8vd3d3LmFwcGxlLmNvbS9uZXdzcm9vbS8yMDIzLzA5L292ZXItMTAwLW5ldy1wb2RjYXN0cy1mcm9tLXRvcC1hcHBzLWFuZC1zZXJ2aWNlcy1sYXVuY2gtb24tYXBwbGUtcG9kY2FzdHMv0gEA?oc%3D5&gl=DE&m=0&pc=n&cm=2&hl=en-US&src=1,"{'href': 'https://www.apple.com', 'title': 'apple.com'}",0.9993658661842346,neutral
iOS 17 is available today - apple.com,iOS 17 is available today  apple.com,"Mon, 18 Sep 2023 07:00:00 GMT",https://consent.google.com/m?continue=https://news.google.com/rss/articles/CBMiQWh0dHBzOi8vd3d3LmFwcGxlLmNvbS9uZXdzcm9vbS8yMDIzLzA5L2lvcy0xNy1pcy1hdmFpbGFibGUtdG9kYXkv0gEA?oc%3D5&gl=DE&m=0&pc=n&cm=2&hl=en-US&src=1,"{'href': 'https://www.apple.com', 'title': 'apple.com'}",0.9996916055679321,neutral
"Apple introduces global developer resource for labs, sessions, and ... - apple.com","Apple introduces global developer resource for labs, sessions, and ...  apple.com","Tue, 26 Sep 2023 17:03:48 GMT",https://consent.google.com/m?continue=https://news.google.com/rss/articles/CBMicmh0dHBzOi8vd3d3LmFwcGxlLmNvbS9uZXdzcm9vbS8yMDIzLzA5L2FwcGxlLWludHJvZHVjZXMtZ2xvYmFsLWRldmVsb3Blci1yZXNvdXJjZS1mb3ItbGFicy1zZXNzaW9ucy1hbmQtd29ya3Nob3BzL9IBAA?oc%3D5&gl=DE&m=0&pc=n&cm=2&hl=en-US&src=1,"{'href': 'https://www.apple.com', 'title': 'apple.com'}",0.9996212720870972,neutral
Will the Hiccups with iPhone 15 Hurt Apple (NASDAQ:AAPL) Stock ... - TipRanks,Will the Hiccups with iPhone 15 Hurt Apple (NASDAQ:AAPL) Stock ...  TipRanks,"Mon, 02 Oct 2023 09:44:17 GMT",https://consent.google.com/m?continue=https://news.google.com/rss/articles/CBMiYWh0dHBzOi8vd3d3LnRpcHJhbmtzLmNvbS9uZXdzL2FydGljbGUvd2lsbC10aGUtaGljY3Vwcy13aXRoLWlwaG9uZS0xNS1odXJ0LWFwcGxlLW5hc2RhcWFhcGwtc3RvY2vSAQA?oc%3D5&gl=DE&m=0&pc=n&cm=2&hl=en-US&src=1,"{'href': 'https://www.tipranks.com', 'title': 'TipRanks'}",0.9957483410835266,neutral
Meta has Apple to thank for giving its annual VR conference added sizzle this year - CNBC,Meta has Apple to thank for giving its annual VR conference added sizzle this year  CNBC,"Sat, 30 Sep 2023 13:00:01 GMT",https://consent.google.com/m?continue=https://news.google.com/rss/articles/CBMiZ2h0dHBzOi8vd3d3LmNuYmMuY29tLzIwMjMvMDkvMzAvbWV0YS1oYXMtYXBwbGUtdG8tdGhhbmstZm9yLWdpdmluZy1pdHMtdnItY29uZmVyZW5jZS1hZGRlZC1zaXp6bGUtLmh0bWzSAWtodHRwczovL3d3dy5jbmJjLmNvbS9hbXAvMjAyMy8wOS8zMC9tZXRhLWhhcy1hcHBsZS10by10aGFuay1mb3ItZ2l2aW5nLWl0cy12ci1jb25mZXJlbmNlLWFkZGVkLXNpenpsZS0uaHRtbA?oc%3D5&gl=DE&m=0&pc=n&cm=2&hl=en-US&src=1,"{'href': 'https://www.cnbc.com', 'title': 'CNBC'}",0.994285523891449,neutral
Applefest Brings Community Together Amid Weak Apple Harvest - Cornell University The Cornell Daily Sun,Applefest Brings Community Together Amid Weak Apple Harvest  Cornell University The Cornell Daily Sun,"Mon, 02 Oct 2023 01:58:22 GMT",https://consent.google.com/m?continue=https://news.google.com/rss/articles/CBMiXmh0dHBzOi8vY29ybmVsbHN1bi5jb20vMjAyMy8xMC8wMS9hcHBsZWZlc3QtYnJpbmdzLWNvbW11bml0eS10b2dldGhlci1hbWlkLXdlYWstYXBwbGUtaGFydmVzdC_SAQA?oc%3D5&gl=DE&m=0&pc=n&cm=2&hl=en-US&src=1,"{'href': 'https://cornellsun.com', 'title': 'Cornell University The Cornell Daily Sun'}",0.9994049072265625,neutral
"Apple, Microsoft, and Google Just Fixed Multiple Zero-Day Flaws - WIRED","Apple, Microsoft, and Google Just Fixed Multiple Zero-Day Flaws  WIRED","Sat, 30 Sep 2023 11:00:00 GMT",https://consent.google.com/m?continue=https://news.google.com/rss/articles/CBMiTGh0dHBzOi8vd3d3LndpcmVkLmNvbS9zdG9yeS9hcHBsZS1nb29nbGUtbWljcm9zb2Z0LXplcm8tZGF5cy1zZXB0ZW1iZXItMjAyMy_SAQA?oc%3D5&gl=DE&m=0&pc=n&cm=2&hl=en-US&src=1,"{'href': 'https://www.wired.com', 'title': 'WIRED'}",0.9997379183769226,neutral
Apple introduces the advanced new Apple Watch Series 9 - apple.com,Apple introduces the advanced new Apple Watch Series 9  apple.com,"Tue, 12 Sep 2023 07:00:00 GMT",https://consent.google.com/m?continue=https://news.google.com/rss/articles/CBMiXmh0dHBzOi8vd3d3LmFwcGxlLmNvbS9uZXdzcm9vbS8yMDIzLzA5L2FwcGxlLWludHJvZHVjZXMtdGhlLWFkdmFuY2VkLW5ldy1hcHBsZS13YXRjaC1zZXJpZXMtOS_SAQA?oc%3D5&gl=DE&m=0&pc=n&cm=2&hl=en-US&src=1,"{'href': 'https://www.apple.com', 'title': 'apple.com'}",0.9977383613586426,neutral
iPhone 15 lineup and new Apple Watch lineup arrive worldwide - apple.com,iPhone 15 lineup and new Apple Watch lineup arrive worldwide  apple.com,"Fri, 22 Sep 2023 07:00:00 GMT",https://consent.google.com/m?continue=https://news.google.com/rss/articles/CBMiZGh0dHBzOi8vd3d3LmFwcGxlLmNvbS9uZXdzcm9vbS8yMDIzLzA5L2lwaG9uZS0xNS1saW5ldXAtYW5kLW5ldy1hcHBsZS13YXRjaC1saW5ldXAtYXJyaXZlLXdvcmxkd2lkZS_SAQA?oc%3D5&gl=DE&m=0&pc=n&cm=2&hl=en-US&src=1,"{'href': 'https://www.apple.com', 'title': 'apple.com'}",0.9996675252914429,neutral
watchOS 10 is available today - apple.com,watchOS 10 is available today  apple.com,"Mon, 18 Sep 2023 07:00:00 GMT",https://consent.google.com/m?continue=https://news.google.com/rss/articles/CBMiRWh0dHBzOi8vd3d3LmFwcGxlLmNvbS9uZXdzcm9vbS8yMDIzLzA5L3dhdGNob3MtMTAtaXMtYXZhaWxhYmxlLXRvZGF5L9IBAA?oc%3D5&gl=DE&m=0&pc=n&cm=2&hl=en-US&src=1,"{'href': 'https://www.apple.com', 'title': 'apple.com'}",0.9994044303894043,neutral
Apple Stock Is at 4-Month Lows and Looks Attractive to Value Investors - Nasdaq,Apple Stock Is at 4-Month Lows and Looks Attractive to Value Investors  Nasdaq,"Sun, 01 Oct 2023 16:57:00 GMT",https://consent.google.com/m?continue=https://news.google.com/rss/articles/CBMiZmh0dHBzOi8vd3d3Lm5hc2RhcS5jb20vYXJ0aWNsZXMvYXBwbGUtc3RvY2staXMtYXQtNC1tb250aC1sb3dzLWFuZC1sb29rcy1hdHRyYWN0aXZlLXRvLXZhbHVlLWludmVzdG9yc9IBAA?oc%3D5&gl=DE&m=0&pc=n&cm=2&hl=en-US&src=1,"{'href': 'https://www.nasdaq.com', 'title': 'Nasdaq'}",0.9994543194770813,neutral
1 Apple Chip Supplier the Market Has Given Up On -- Time to Buy ... - Nasdaq,1 Apple Chip Supplier the Market Has Given Up On -- Time to Buy ...  Nasdaq,"Sun, 01 Oct 2023 16:05:00 GMT",https://consent.google.com/m?continue=https://news.google.com/rss/articles/CBMibGh0dHBzOi8vd3d3Lm5hc2RhcS5jb20vYXJ0aWNsZXMvMS1hcHBsZS1jaGlwLXN1cHBsaWVyLXRoZS1tYXJrZXQtaGFzLWdpdmVuLXVwLW9uLXRpbWUtdG8tYnV5LWJlZm9yZS1pdC1zb2Fyc9IBAA?oc%3D5&gl=DE&m=0&pc=n&cm=2&hl=en-US&src=1,"{'href': 'https://www.nasdaq.com', 'title': 'Nasdaq'}",0.9997285008430481,neutral
"New iPhones Hot In A Bad Way, But Apple Stock Chart is Bullish - MarketBeat","New iPhones Hot In A Bad Way, But Apple Stock Chart is Bullish  MarketBeat","Mon, 02 Oct 2023 12:07:36 GMT",https://consent.google.com/m?continue=https://news.google.com/rss/articles/CBMiY2h0dHBzOi8vd3d3Lm1hcmtldGJlYXQuY29tL29yaWdpbmFscy9uZXctaXBob25lcy1ob3QtaW4tYS1iYWQtd2F5LWJ1dC1hcHBsZS1zdG9jay1jaGFydC1pcy1idWxsaXNoL9IBAA?oc%3D5&gl=DE&m=0&pc=n&cm=2&hl=en-US&src=1,"{'href': 'https://www.marketbeat.com', 'title': 'MarketBeat'}",0.9996485710144043,neutral
Apple unveils its first carbon neutral products - apple.com,Apple unveils its first carbon neutral products  apple.com,"Tue, 12 Sep 2023 07:00:00 GMT",https://consent.google.com/m?continue=https://news.google.com/rss/articles/CBMiV2h0dHBzOi8vd3d3LmFwcGxlLmNvbS9uZXdzcm9vbS8yMDIzLzA5L2FwcGxlLXVudmVpbHMtaXRzLWZpcnN0LWNhcmJvbi1uZXV0cmFsLXByb2R1Y3RzL9IBAA?oc%3D5&gl=DE&m=0&pc=n&cm=2&hl=en-US&src=1,"{'href': 'https://www.apple.com', 'title': 'apple.com'}",0.9998387098312378,neutral
Apple TV+ reveals trailer and announces October 11 premiere date ... - Inter Miami CF,Apple TV+ reveals trailer and announces October 11 premiere date ...  Inter Miami CF,"Mon, 02 Oct 2023 12:11:44 GMT",https://consent.google.com/m?continue=https://news.google.com/rss/articles/CBMicmh0dHBzOi8vd3d3LmludGVybWlhbWljZi5jb20vbmV3cy9hcHBsZS10di1yZXZlYWxzLXRyYWlsZXItYW5kLWFubm91bmNlcy1vY3RvYmVyLTExLXByZW1pZXJlLWRhdGUtZm9yLWhpZ2hseS1hbnRpY9IBAA?oc%3D5&gl=DE&m=0&pc=n&cm=2&hl=en-US&src=1,"{'href': 'https://www.intermiamicf.com', 'title': 'Inter Miami CF'}",0.9983213543891907,neutral
Apple asks US Supreme Court to strike down Epic Games order - Reuters,Apple asks US Supreme Court to strike down Epic Games order  Reuters,"Thu, 28 Sep 2023 17:31:00 GMT",https://consent.google.com/m?continue=https://news.google.com/rss/articles/CBMiYmh0dHBzOi8vd3d3LnJldXRlcnMuY29tL2xlZ2FsL2FwcGxlLWFza3MtdXMtc3VwcmVtZS1jb3VydC1zdHJpa2UtZG93bi1lcGljLWdhbWVzLW9yZGVyLTIwMjMtMDktMjgv0gEA?oc%3D5&gl=DE&m=0&pc=n&cm=2&hl=en-US&src=1,"{'href': 'https://www.reuters.com', 'title': 'Reuters'}",0.9985191226005554,neutral
People enjoy special champagne apple at Duluth palooza - Northern News Now,People enjoy special champagne apple at Duluth palooza  Northern News Now,"Mon, 02 Oct 2023 02:57:00 GMT",https://consent.google.com/m?continue=https://news.google.com/rss/articles/CBMiX2h0dHBzOi8vd3d3Lm5vcnRoZXJubmV3c25vdy5jb20vMjAyMy8xMC8wMi9wZW9wbGUtZW5qb3ktc3BlY2lhbC1jaGFtcGFnbmUtYXBwbGUtZHVsdXRoLXBhbG9vemEv0gFuaHR0cHM6Ly93d3cubm9ydGhlcm5uZXdzbm93LmNvbS8yMDIzLzEwLzAyL3Blb3BsZS1lbmpveS1zcGVjaWFsLWNoYW1wYWduZS1hcHBsZS1kdWx1dGgtcGFsb296YS8_b3V0cHV0VHlwZT1hbXA?oc%3D5&gl=DE&m=0&pc=n&cm=2&hl=en-US&src=1,"{'href': 'https://www.northernnewsnow.com', 'title': 'Northern News Now'}",0.9995488524436951,neutral
Apple Arcade launches 4 new games and 40+ updates in September - apple.com,Apple Arcade launches 4 new games and 40+ updates in September  apple.com,"Tue, 05 Sep 2023 07:00:00 GMT",https://consent.google.com/m?continue=https://news.google.com/rss/articles/CBMiamh0dHBzOi8vd3d3LmFwcGxlLmNvbS9uZXdzcm9vbS8yMDIzLzA5L2FwcGxlLWFyY2FkZS1sYXVuY2hlcy00LW5ldy1nYW1lcy1hbmQtb3Zlci00MC11cGRhdGVzLWluLXNlcHRlbWJlci_SAQA?oc%3D5&gl=DE&m=0&pc=n&cm=2&hl=en-US&src=1,"{'href': 'https://www.apple.com', 'title': 'apple.com'}",0.7953307628631592,positive
Burnt honey cake with apple and ginger recipe by Helen Goh - The Guardian,Burnt honey cake with apple and ginger recipe by Helen Goh  The Guardian,"Mon, 02 Oct 2023 07:00:00 GMT",https://consent.google.com/m?continue=https://news.google.com/rss/articles/CBMiZ2h0dHBzOi8vd3d3LnRoZWd1YXJkaWFuLmNvbS9mb29kLzIwMjMvb2N0LzAyL2J1cm50LWhvbmV5LWNha2Utd2l0aC1hcHBsZS1hbmQtZ2luZ2VyLXJlY2lwZS1ieS1oZWxlbi1nb2jSAWdodHRwczovL2FtcC50aGVndWFyZGlhbi5jb20vZm9vZC8yMDIzL29jdC8wMi9idXJudC1ob25leS1jYWtlLXdpdGgtYXBwbGUtYW5kLWdpbmdlci1yZWNpcGUtYnktaGVsZW4tZ29o?oc%3D5&gl=DE&m=0&pc=n&cm=2&hl=en-US&src=1,"{'href': 'https://www.theguardian.com', 'title': 'The Guardian'}",0.9997065663337708,neutral
Tim Cook calls spatial computing in Apple Vision Pro an 'aha moment' in a user's life - AppleInsider,Tim Cook calls spatial computing in Apple Vision Pro an 'aha moment' in a user's life  AppleInsider,"Sun, 01 Oct 2023 13:10:43 GMT",https://consent.google.com/m?continue=https://news.google.com/rss/articles/CBMifWh0dHBzOi8vYXBwbGVpbnNpZGVyLmNvbS9hcnRpY2xlcy8yMy8xMC8wMS90aW0tY29vay1jYWxscy1zcGF0aWFsLWNvbXB1dGluZy1pbi1hcHBsZS12aXNpb24tcHJvLWFuLWFoYS1tb21lbnQtaW4tYS11c2Vycy1saWZl0gGCAWh0dHBzOi8vYXBwbGVpbnNpZGVyLmNvbS9hcnRpY2xlcy8yMy8xMC8wMS90aW0tY29vay1jYWxscy1zcGF0aWFsLWNvbXB1dGluZy1pbi1hcHBsZS12aXNpb24tcHJvLWFuLWFoYS1tb21lbnQtaW4tYS11c2Vycy1saWZlL2FtcC8?oc%3D5&gl=DE&m=0&pc=n&cm=2&hl=en-US&src=1,"{'href': 'https://appleinsider.com', 'title': 'AppleInsider'}",0.9997661709785461,neutral
French authorities approve Apple's software update of its iphone 12 - Reuters,French authorities approve Apple's software update of its iphone 12  Reuters,"Fri, 29 Sep 2023 08:28:00 GMT",https://consent.google.com/m?continue=https://news.google.com/rss/articles/CBMibmh0dHBzOi8vd3d3LnJldXRlcnMuY29tL3RlY2hub2xvZ3kvZnJlbmNoLWF1dGhvcml0aWVzLWFwcHJvdmUtYXBwbGVzLXNvZnR3YXJlLXVwZGF0ZS1pdHMtaXBob25lLTEyLTIwMjMtMDktMjkv0gEA?oc%3D5&gl=DE&m=0&pc=n&cm=2&hl=en-US&src=1,"{'href': 'https://www.reuters.com', 'title': 'Reuters'}",0.9456706047058105,neutral
Apple upgrades AirPods Pro (2nd generation) with USB‐C charging - apple.com,Apple upgrades AirPods Pro (2nd generation) with USB‐C charging  apple.com,"Tue, 12 Sep 2023 07:00:00 GMT",https://consent.google.com/m?continue=https://news.google.com/rss/articles/CBMiZWh0dHBzOi8vd3d3LmFwcGxlLmNvbS9uZXdzcm9vbS8yMDIzLzA5L2FwcGxlLXVwZ3JhZGVzLWFpcnBvZHMtcHJvLTJuZC1nZW5lcmF0aW9uLXdpdGgtdXNiLWMtY2hhcmdpbmcv0gEA?oc%3D5&gl=DE&m=0&pc=n&cm=2&hl=en-US&src=1,"{'href': 'https://www.apple.com', 'title': 'apple.com'}",0.9116320013999939,neutral
Riveridge geared for huge apple season - Fresh Fruit Portal,Riveridge geared for huge apple season  Fresh Fruit Portal,"Mon, 02 Oct 2023 10:01:30 GMT",https://consent.google.com/m?continue=https://news.google.com/rss/articles/CBMiWGh0dHBzOi8vd3d3LmZyZXNoZnJ1aXRwb3J0YWwuY29tL25ld3MvMjAyMy8xMC8wMi9yaXZlcmlkZ2UtZ2VhcmVkLWZvci1odWdlLWFwcGxlLXNlYXNvbi_SAQA?oc%3D5&gl=DE&m=0&pc=n&cm=2&hl=en-US&src=1,"{'href': 'https://www.freshfruitportal.com', 'title': 'Fresh Fruit Portal'}",0.9997751116752625,neutral
Apple orchard guide: Where to go for your cider fix in southeast ... - Detroit Free Press,Apple orchard guide: Where to go for your cider fix in southeast ...  Detroit Free Press,"Sun, 01 Oct 2023 12:00:17 GMT",https://consent.google.com/m?continue=https://news.google.com/rss/articles/CBMigQFodHRwczovL3d3dy5mcmVlcC5jb20vc3RvcnkvZW50ZXJ0YWlubWVudC9kaW5pbmcvMjAyMy8xMC8wMS9hcHBsZS1vcmNoYXJkLW1pY2hpZ2FuLWNpZGVyLW1pbGwtZ3VpZGUtZG91Z2hudXRzLXUtcGljay83MDk5NTk3MjAwNy_SAQA?oc%3D5&gl=DE&m=0&pc=n&cm=2&hl=en-US&src=1,"{'href': 'https://www.freep.com', 'title': 'Detroit Free Press'}",0.9997628331184387,neutral
Chicago fall festival: Lincoln Square Ravenswood's 36th annual 'Apple Fest' ushers in autumn - WLS-TV,Chicago fall festival: Lincoln Square Ravenswood's 36th annual 'Apple Fest' ushers in autumn  WLS-TV,"Sun, 01 Oct 2023 13:50:59 GMT",https://consent.google.com/m?continue=https://news.google.com/rss/articles/CBMiU2h0dHBzOi8vYWJjN2NoaWNhZ28uY29tL2FwcGxlLWZlc3QtbGluY29sbi1zcXVhcmUtcmF2ZW5zd29vZC0yMDIzLWNoaWNhZ28vMTM4NDQxODQv0gFXaHR0cHM6Ly9hYmM3Y2hpY2Fnby5jb20vYW1wL2FwcGxlLWZlc3QtbGluY29sbi1zcXVhcmUtcmF2ZW5zd29vZC0yMDIzLWNoaWNhZ28vMTM4NDQxODQv?oc%3D5&gl=DE&m=0&pc=n&cm=2&hl=en-US&src=1,"{'href': 'https://abc7chicago.com', 'title': 'WLS-TV'}",0.9997255206108093,neutral
Apple's Strategic Role Within The Dividend Income Accelerator ... - Seeking Alpha,Apple's Strategic Role Within The Dividend Income Accelerator ...  Seeking Alpha,"Sat, 30 Sep 2023 15:00:00 GMT",https://consent.google.com/m?continue=https://news.google.com/rss/articles/CBMif2h0dHBzOi8vc2Vla2luZ2FscGhhLmNvbS9hcnRpY2xlLzQ2Mzc4ODktYXBwbGUtc3RyYXRlZ2ljLXJvbGUtd2l0aGluLWRpdmlkZW5kLWluY29tZS1hY2NlbGVyYXRvci1wb3J0Zm9saW8tcmlzay1yZXdhcmQtYW5hbHlzaXPSAQA?oc%3D5&gl=DE&m=0&pc=n&cm=2&hl=en-US&src=1,"{'href': 'https://seekingalpha.com', 'title': 'Seeking Alpha'}",0.9986903071403503,neutral
Apple to buck layoff trend by hiring UK AI staff - BBC,Apple to buck layoff trend by hiring UK AI staff  BBC,"Fri, 29 Sep 2023 11:46:19 GMT",https://consent.google.com/m?continue=https://news.google.com/rss/articles/CBMiLGh0dHBzOi8vd3d3LmJiYy5jb20vbmV3cy90ZWNobm9sb2d5LTY2OTU0MjY30gEwaHR0cHM6Ly93d3cuYmJjLmNvbS9uZXdzL3RlY2hub2xvZ3ktNjY5NTQyNjcuYW1w?oc%3D5&gl=DE&m=0&pc=n&cm=2&hl=en-US&src=1,"{'href': 'https://www.bbc.com', 'title': 'BBC'}",0.9388229250907898,neutral
"Sour cream, apple and blackberry tart recipe - The Guardian","Sour cream, apple and blackberry tart recipe  The Guardian","Mon, 02 Oct 2023 07:00:00 GMT",https://consent.google.com/m?continue=https://news.google.com/rss/articles/CBMiWGh0dHBzOi8vd3d3LnRoZWd1YXJkaWFuLmNvbS9mb29kLzIwMjMvb2N0LzAyL3NvdXItY3JlYW0tYXBwbGUtYW5kLWJsYWNrYmVycnktdGFydC1yZWNpcGXSAVhodHRwczovL2FtcC50aGVndWFyZGlhbi5jb20vZm9vZC8yMDIzL29jdC8wMi9zb3VyLWNyZWFtLWFwcGxlLWFuZC1ibGFja2JlcnJ5LXRhcnQtcmVjaXBl?oc%3D5&gl=DE&m=0&pc=n&cm=2&hl=en-US&src=1,"{'href': 'https://www.theguardian.com', 'title': 'The Guardian'}",0.9998155236244202,neutral
Wild moment masked Philadelphia looters storm Apple store in mad frenzy - before tech giant DISABLED all stole - Daily Mail,Wild moment masked Philadelphia looters storm Apple store in mad frenzy - before tech giant DISABLED all stole  Daily Mail,"Sun, 01 Oct 2023 06:00:10 GMT",https://consent.google.com/m?continue=https://news.google.com/rss/articles/CBMixAFodHRwczovL3d3dy5kYWlseW1haWwuY28udWsvbmV3cy9hcnRpY2xlLTEyNTgwNTI1L1dpbGQtbW9tZW50LW1hc2tlZC1QaGlsYWRlbHBoaWEtbG9vdGVycy1zdG9ybS1BcHBsZS1zdG9yZS1tYWQtZnJlbnp5LXRlY2gtZ2lhbnQtRElTQUJMRUQtc3RvbGVuLWRldmljZXMtY29wcy1jYWxsLXB1YmxpYy1oZWxwLWlkZW50aWZ5LWNyb29rcy5odG1s0gHIAWh0dHBzOi8vd3d3LmRhaWx5bWFpbC5jby51ay9uZXdzL2FydGljbGUtMTI1ODA1MjUvYW1wL1dpbGQtbW9tZW50LW1hc2tlZC1QaGlsYWRlbHBoaWEtbG9vdGVycy1zdG9ybS1BcHBsZS1zdG9yZS1tYWQtZnJlbnp5LXRlY2gtZ2lhbnQtRElTQUJMRUQtc3RvbGVuLWRldmljZXMtY29wcy1jYWxsLXB1YmxpYy1oZWxwLWlkZW50aWZ5LWNyb29rcy5odG1s?oc%3D5&gl=DE&m=0&pc=n&cm=2&hl=en-US&src=1,"{'href': 'https://www.dailymail.co.uk', 'title': 'Daily Mail'}",0.9796878099441528,negative
"More than just apples, Cleveland’s Apple Valley Orchards also ... - Chattanooga Times Free Press","More than just apples, Cleveland’s Apple Valley Orchards also ...  Chattanooga Times Free Press","Mon, 02 Oct 2023 04:01:00 GMT",https://consent.google.com/m?continue=https://news.google.com/rss/articles/CBMiXmh0dHBzOi8vd3d3LnRpbWVzZnJlZXByZXNzLmNvbS9uZXdzLzIwMjMvb2N0LzAyL21vcmUtdGhhbi1qdXN0LWFwcGxlcy1jbGV2ZWxhbmRzLWFwcGxlLXZhbGxleS_SAQA?oc%3D5&gl=DE&m=0&pc=n&cm=2&hl=en-US&src=1,"{'href': 'https://www.timesfreepress.com', 'title': 'Chattanooga Times Free Press'}",0.9997032284736633,neutral
Hilton continues its 30-year tradition with Apple Fest - 13WHAM-TV,Hilton continues its 30-year tradition with Apple Fest  13WHAM-TV,"Mon, 02 Oct 2023 00:09:00 GMT",https://consent.google.com/m?continue=https://news.google.com/rss/articles/CBMiVGh0dHBzOi8vMTN3aGFtLmNvbS9uZXdzL2xvY2FsL2hpbHRvbi1jb250aW51ZXMtaXRzLTMwLXllYXItdHJhZGl0aW9uLXdpdGgtYXBwbGUtZmVzdNIBWGh0dHBzOi8vMTN3aGFtLmNvbS9hbXAvbmV3cy9sb2NhbC9oaWx0b24tY29udGludWVzLWl0cy0zMC15ZWFyLXRyYWRpdGlvbi13aXRoLWFwcGxlLWZlc3Q?oc%3D5&gl=DE&m=0&pc=n&cm=2&hl=en-US&src=1,"{'href': 'https://13wham.com', 'title': '13WHAM-TV'}",0.99979168176651,neutral
Strong finish to first weekend of Southington Apple Harvest Festival - Meriden Record-Journal,Strong finish to first weekend of Southington Apple Harvest Festival  Meriden Record-Journal,"Mon, 02 Oct 2023 00:22:00 GMT",https://consent.google.com/m?continue=https://news.google.com/rss/articles/CBMiemh0dHBzOi8vd3d3Lm15cmVjb3Jkam91cm5hbC5jb20vTmV3cy9Tb3V0aGluZ3Rvbi9Tb3V0aGluZ3Rvbi1OZXdzL0FwcGxlLUhhcnZlc3QtRmVzdGl2YWwtZHJhd3MtaW4tYmlnLWNyb3dzLW9uLVN1bmRheS5odG1s0gEA?oc%3D5&gl=DE&m=0&pc=n&cm=2&hl=en-US&src=1,"{'href': 'https://www.myrecordjournal.com', 'title': 'Meriden Record-Journal'}",0.9981213212013245,neutral
EU's Breton tells Apple CEO to open its ecosystem to rivals - Reuters,EU's Breton tells Apple CEO to open its ecosystem to rivals  Reuters,"Tue, 26 Sep 2023 20:49:00 GMT",https://consent.google.com/m?continue=https://news.google.com/rss/articles/CBMiY2h0dHBzOi8vd3d3LnJldXRlcnMuY29tL3RlY2hub2xvZ3kvZXVzLWJyZXRvbi10ZWxscy1hcHBsZS1jZW8tb3Blbi1pdHMtZWNvc3lzdGVtLXJpdmFscy0yMDIzLTA5LTI2L9IBAA?oc%3D5&gl=DE&m=0&pc=n&cm=2&hl=en-US&src=1,"{'href': 'https://www.reuters.com', 'title': 'Reuters'}",0.7619383931159973,positive
Apple Has an iPhone Problem - The Motley Fool,Apple Has an iPhone Problem  The Motley Fool,"Sat, 30 Sep 2023 12:00:00 GMT",https://consent.google.com/m?continue=https://news.google.com/rss/articles/CBMiRmh0dHBzOi8vd3d3LmZvb2wuY29tL2ludmVzdGluZy8yMDIzLzA5LzMwL2FwcGxlLWhhcy1hbi1pcGhvbmUtcHJvYmxlbS_SAQA?oc%3D5&gl=DE&m=0&pc=n&cm=2&hl=en-US&src=1,"{'href': 'https://www.fool.com', 'title': 'The Motley Fool'}",0.9996979236602783,neutral
Apple expands the power of iCloud with new iCloud+ plans - apple.com,Apple expands the power of iCloud with new iCloud+ plans  apple.com,"Mon, 18 Sep 2023 07:00:00 GMT",https://consent.google.com/m?continue=https://news.google.com/rss/articles/CBMiZGh0dHBzOi8vd3d3LmFwcGxlLmNvbS9uZXdzcm9vbS8yMDIzLzA5L2FwcGxlLWV4cGFuZHMtdGhlLXBvd2VyLW9mLWljbG91ZC13aXRoLW5ldy1pY2xvdWQtcGx1cy1wbGFucy_SAQA?oc%3D5&gl=DE&m=0&pc=n&cm=2&hl=en-US&src=1,"{'href': 'https://www.apple.com', 'title': 'apple.com'}",0.9981427192687988,positive
iPhone 15 Pro Max review: Apple's flagship smartphone is full of surprises - Business Standard,iPhone 15 Pro Max review: Apple's flagship smartphone is full of surprises  Business Standard,"Mon, 02 Oct 2023 06:03:07 GMT",https://consent.google.com/m?continue=https://news.google.com/rss/articles/CBMilwFodHRwczovL3d3dy5idXNpbmVzcy1zdGFuZGFyZC5jb20vdGVjaG5vbG9neS90ZWNoLXJldmlld3MvaXBob25lLTE1LXByby1tYXgtcmV2aWV3LWFwcGxlLXMtZmxhZ3NoaXAtc21hcnRwaG9uZS1pcy1mdWxsLW9mLXN1cnByaXNlcy0xMjMxMDAyMDAyNDJfMS5odG1s0gGbAWh0dHBzOi8vd3d3LmJ1c2luZXNzLXN0YW5kYXJkLmNvbS9hbXAvdGVjaG5vbG9neS90ZWNoLXJldmlld3MvaXBob25lLTE1LXByby1tYXgtcmV2aWV3LWFwcGxlLXMtZmxhZ3NoaXAtc21hcnRwaG9uZS1pcy1mdWxsLW9mLXN1cnByaXNlcy0xMjMxMDAyMDAyNDJfMS5odG1s?oc%3D5&gl=DE&m=0&pc=n&cm=2&hl=en-US&src=1,"{'href': 'https://www.business-standard.com', 'title': 'Business Standard'}",0.9997938275337219,neutral
"Why the Apple UK hiring spree ""makes sense"" for the tech giant - ITPro","Why the Apple UK hiring spree ""makes sense"" for the tech giant  ITPro","Mon, 02 Oct 2023 12:52:00 GMT",https://consent.google.com/m?continue=https://news.google.com/rss/articles/CBMidWh0dHBzOi8vd3d3Lml0cHJvLmNvbS90ZWNobm9sb2d5L2FydGlmaWNpYWwtaW50ZWxsaWdlbmNlL3doeS10aGUtYXBwbGUtdWstaGlyaW5nLXNwcmVlLW1ha2VzLXNlbnNlLWZvci10aGUtdGVjaC1naWFudNIBAA?oc%3D5&gl=DE&m=0&pc=n&cm=2&hl=en-US&src=1,"{'href': 'https://www.itpro.com', 'title': 'ITPro'}",0.9996206760406494,positive
Red Apple Gala puts the shine on fundraising for school programs - The Park Record,Red Apple Gala puts the shine on fundraising for school programs  The Park Record,"Mon, 02 Oct 2023 03:31:53 GMT",https://consent.google.com/m?continue=https://news.google.com/rss/articles/CBMiYWh0dHBzOi8vd3d3LnBhcmtyZWNvcmQuY29tL25ld3MvcmVkLWFwcGxlLWdhbGEtcHV0cy10aGUtc2hpbmUtb24tZnVuZHJhaXNpbmctZm9yLXNjaG9vbC1wcm9ncmFtcy_SAQA?oc%3D5&gl=DE&m=0&pc=n&cm=2&hl=en-US&src=1,"{'href': 'https://www.parkrecord.com', 'title': 'The Park Record'}",0.9875600934028625,neutral
"LaFayette Apple Festival, RetroGameCon, Spooktacular Stroll: 17 ... - syracuse.com","LaFayette Apple Festival, RetroGameCon, Spooktacular Stroll: 17 ...  syracuse.com","Mon, 02 Oct 2023 12:00:00 GMT",https://consent.google.com/m?continue=https://news.google.com/rss/articles/CBMilQFodHRwczovL3d3dy5zeXJhY3VzZS5jb20vZW50ZXJ0YWlubWVudC8yMDIzLzEwL2xhZmF5ZXR0ZS1hcHBsZS1mZXN0aXZhbC1yZXRyb2dhbWVjb24tc3Bvb2t0YWN1bGFyLXN0cm9sbC0xNy10aGluZ3MtdG8tZG8tdGhpcy13ZWVrLWluLWNlbnRyYWwtbnkuaHRtbNIBAA?oc%3D5&gl=DE&m=0&pc=n&cm=2&hl=en-US&src=1,"{'href': 'https://www.syracuse.com', 'title': 'syracuse.com'}",0.9997686743736267,neutral
Environment - Mother Nature - apple.com,Environment - Mother Nature  apple.com,"Tue, 12 Sep 2023 18:33:11 GMT",https://consent.google.com/m?continue=https://news.google.com/rss/articles/CBMiMGh0dHBzOi8vd3d3LmFwcGxlLmNvbS9lbnZpcm9ubWVudC9tb3RoZXItbmF0dXJlL9IBAA?oc%3D5&gl=DE&m=0&pc=n&cm=2&hl=en-US&src=1,"{'href': 'https://www.apple.com', 'title': 'apple.com'}",0.9988403916358948,neutral
"Apple India got sued for damaging iPhone 13, now ordered to pay Rs 1 lakh to owner - India Today","Apple India got sued for damaging iPhone 13, now ordered to pay Rs 1 lakh to owner  India Today","Mon, 02 Oct 2023 04:09:02 GMT",https://consent.google.com/m?continue=https://news.google.com/rss/articles/CBMilAFodHRwczovL3d3dy5pbmRpYXRvZGF5LmluL3RlY2hub2xvZ3kvbmV3cy9zdG9yeS9hcHBsZS1pbmRpYS1nb3Qtc3VlZC1mb3ItZGFtYWdpbmctaXBob25lLTEzLW5vdy1vcmRlcmVkLXRvLXBheS1ycy0xLWxha2gtdG8tb3duZXItMjQ0MzE5OC0yMDIzLTEwLTAy0gGYAWh0dHBzOi8vd3d3LmluZGlhdG9kYXkuaW4vYW1wL3RlY2hub2xvZ3kvbmV3cy9zdG9yeS9hcHBsZS1pbmRpYS1nb3Qtc3VlZC1mb3ItZGFtYWdpbmctaXBob25lLTEzLW5vdy1vcmRlcmVkLXRvLXBheS1ycy0xLWxha2gtdG8tb3duZXItMjQ0MzE5OC0yMDIzLTEwLTAy?oc%3D5&gl=DE&m=0&pc=n&cm=2&hl=en-US&src=1,"{'href': 'https://www.indiatoday.in', 'title': 'India Today'}",0.995142936706543,negative
Apple FineWoven Case and Wallet hands-on - GSMArena.com news - GSMArena.com,Apple FineWoven Case and Wallet hands-on - GSMArena.com news  GSMArena.com,"Sun, 01 Oct 2023 05:37:01 GMT",https://consent.google.com/m?continue=https://news.google.com/rss/articles/CBMiT2h0dHBzOi8vd3d3LmdzbWFyZW5hLmNvbS9hcHBsZV9maW5ld292ZW5fY2FzZV9hbmRfd2FsbGV0X2hhbmRzb24tbmV3cy02MDA4MS5waHDSAUxodHRwczovL20uZ3NtYXJlbmEuY29tL2FwcGxlX2ZpbmV3b3Zlbl9jYXNlX2FuZF93YWxsZXRfaGFuZHNvbi1hbXAtNjAwODEucGhw?oc%3D5&gl=DE&m=0&pc=n&cm=2&hl=en-US&src=1,"{'href': 'https://www.gsmarena.com', 'title': 'GSMArena.com'}",0.9997478127479553,neutral
UTM: An Apple hypervisor with some unique extra abilities - The Register,UTM: An Apple hypervisor with some unique extra abilities  The Register,"Fri, 29 Sep 2023 15:00:00 GMT",https://consent.google.com/m?continue=https://news.google.com/rss/articles/CBMiRmh0dHBzOi8vd3d3LnRoZXJlZ2lzdGVyLmNvbS8yMDIzLzA5LzI5L3V0bV9hcHBsZV9oeXBlcnZpc29yX2Zvc3NfZmVzdC_SAUpodHRwczovL3d3dy50aGVyZWdpc3Rlci5jb20vQU1QLzIwMjMvMDkvMjkvdXRtX2FwcGxlX2h5cGVydmlzb3JfZm9zc19mZXN0Lw?oc%3D5&gl=DE&m=0&pc=n&cm=2&hl=en-US&src=1,"{'href': 'https://www.theregister.com', 'title': 'The Register'}",0.9997566342353821,neutral
PHOTOS: Unforgettable day at the Southington Apple Harvest Festival - Meriden Record-Journal,PHOTOS: Unforgettable day at the Southington Apple Harvest Festival  Meriden Record-Journal,"Mon, 02 Oct 2023 00:44:00 GMT",https://consent.google.com/m?continue=https://news.google.com/rss/articles/CBMinAFodHRwczovL3d3dy5teXJlY29yZGpvdXJuYWwuY29tL05ld3MvU291dGhpbmd0b24vU291dGhpbmd0b24tTmV3cy9JbmNyZWRpYmxlLWltYWdlcy1mcm9tLWFuLXVuZm9yZ2V0dGFibGUtZGF5LWF0LXRoZS1Tb3V0aGluZ3Rvbi1BcHBsZS1IYXJ2ZXN0LUZlc3RpdmFsLmh0bWzSAQA?oc%3D5&gl=DE&m=0&pc=n&cm=2&hl=en-US&src=1,"{'href': 'https://www.myrecordjournal.com', 'title': 'Meriden Record-Journal'}",0.9993544220924377,neutral
Take a day trip to apple orchards near Chattanooga on these scenic ... - Chattanooga Times Free Press,Take a day trip to apple orchards near Chattanooga on these scenic ...  Chattanooga Times Free Press,"Mon, 02 Oct 2023 04:01:00 GMT",https://consent.google.com/m?continue=https://news.google.com/rss/articles/CBMiV2h0dHBzOi8vd3d3LnRpbWVzZnJlZXByZXNzLmNvbS9uZXdzLzIwMjMvb2N0LzAyL3Rha2UtYS1kYXktdHJpcC10by1hcHBsZS1vcmNoYXJkcy1uZWFyL9IBAA?oc%3D5&gl=DE&m=0&pc=n&cm=2&hl=en-US&src=1,"{'href': 'https://www.timesfreepress.com', 'title': 'Chattanooga Times Free Press'}",0.9992862343788147,neutral
Inside Apple's Spectacular Failure to Build a Key Part for Its New ... - The Wall Street Journal,Inside Apple's Spectacular Failure to Build a Key Part for Its New ...  The Wall Street Journal,"Wed, 20 Sep 2023 07:00:00 GMT",https://consent.google.com/m?continue=https://news.google.com/rss/articles/CBMiQWh0dHBzOi8vd3d3Lndzai5jb20vdGVjaC9hcHBsZS1pcGhvbmUtbW9kZW0tY2hpcC1mYWlsdXJlLTZmZTMzZDE50gEA?oc%3D5&gl=DE&m=0&pc=n&cm=2&hl=en-US&src=1,"{'href': 'https://www.wsj.com', 'title': 'The Wall Street Journal'}",0.99943608045578,neutral
Apple and Goldman were planning stock-trading feature for iPhones until markets turned last year - CNBC,Apple and Goldman were planning stock-trading feature for iPhones until markets turned last year  CNBC,"Wed, 20 Sep 2023 07:00:00 GMT",https://consent.google.com/m?continue=https://news.google.com/rss/articles/CBMiamh0dHBzOi8vd3d3LmNuYmMuY29tLzIwMjMvMDkvMjAvYXBwbGUtZ29sZG1hbi1zYWNocy13ZXJlLXBsYW5uaW5nLWEtc3RvY2stdHJhZGluZy1mZWF0dXJlLWZvci1pcGhvbmVzLmh0bWzSAW5odHRwczovL3d3dy5jbmJjLmNvbS9hbXAvMjAyMy8wOS8yMC9hcHBsZS1nb2xkbWFuLXNhY2hzLXdlcmUtcGxhbm5pbmctYS1zdG9jay10cmFkaW5nLWZlYXR1cmUtZm9yLWlwaG9uZXMuaHRtbA?oc%3D5&gl=DE&m=0&pc=n&cm=2&hl=en-US&src=1,"{'href': 'https://www.cnbc.com', 'title': 'CNBC'}",0.999818742275238,neutral
"North's Hess, West's Brannen win Apple Valley Cross Country ... - Times-West Virginian","North's Hess, West's Brannen win Apple Valley Cross Country ...  Times-West Virginian","Mon, 02 Oct 2023 11:30:00 GMT",https://consent.google.com/m?continue=https://news.google.com/rss/articles/CBMiqwFodHRwczovL3d3dy50aW1lc3d2LmNvbS9zcG9ydHMvaGlnaF9zY2hvb2xfc3BvcnRzL25vcnRoLXMtaGVzcy13ZXN0LXMtYnJhbm5lbi13aW4tYXBwbGUtdmFsbGV5LWNyb3NzLWNvdW50cnktaW52aXRhdGlvbmFsL2FydGljbGVfYWFhZjQ1Y2UtNjBjZC0xMWVlLWI2YzEtYmY1NTNlM2Y5MDYxLmh0bWzSAQA?oc%3D5&gl=DE&m=0&pc=n&cm=2&hl=en-US&src=1,"{'href': 'https://www.timeswv.com', 'title': 'Times-West Virginian'}",0.8725311756134033,positive
"Apple disputes French findings, says iPhone 12 meets radiation rules - Reuters","Apple disputes French findings, says iPhone 12 meets radiation rules  Reuters","Wed, 13 Sep 2023 07:00:00 GMT",https://consent.google.com/m?continue=https://news.google.com/rss/articles/CBMifmh0dHBzOi8vd3d3LnJldXRlcnMuY29tL3RlY2hub2xvZ3kvYXBwbGUtZGlzcHV0ZXMtZnJlbmNoLWZpbmRpbmdzLXNheXMtaXBob25lLTEyLWNvbXBsaWVzLXdpdGgtcmFkaWF0aW9uLXN0YW5kYXJkcy0yMDIzLTA5LTEzL9IBAA?oc%3D5&gl=DE&m=0&pc=n&cm=2&hl=en-US&src=1,"{'href': 'https://www.reuters.com', 'title': 'Reuters'}",0.9976233839988708,neutral
Apple could be about to make the biggest change to the iPhone in 11 years - CNN,Apple could be about to make the biggest change to the iPhone in 11 years  CNN,"Fri, 08 Sep 2023 07:00:00 GMT",https://consent.google.com/m?continue=https://news.google.com/rss/articles/CBMiSWh0dHBzOi8vd3d3LmNubi5jb20vMjAyMy8wOS8wOC90ZWNoL2FwcGxlLWNoYXJnZXItY2hhbmdlLXVzYi1jL2luZGV4Lmh0bWzSAU1odHRwczovL2FtcC5jbm4uY29tL2Nubi8yMDIzLzA5LzA4L3RlY2gvYXBwbGUtY2hhcmdlci1jaGFuZ2UtdXNiLWMvaW5kZXguaHRtbA?oc%3D5&gl=DE&m=0&pc=n&cm=2&hl=en-US&src=1,"{'href': 'https://www.cnn.com', 'title': 'CNN'}",0.9994757771492004,neutral
Apple's dark sci-fi comedy Fingernails turns love into science - The Verge,Apple's dark sci-fi comedy Fingernails turns love into science  The Verge,"Sat, 30 Sep 2023 13:00:00 GMT",https://consent.google.com/m?continue=https://news.google.com/rss/articles/CBMiQmh0dHBzOi8vd3d3LnRoZXZlcmdlLmNvbS8yMzg4MTk5Ny9maW5nZXJuYWlscy1yZXZpZXctYXBwbGUtdHYtcGx1c9IBAA?oc%3D5&gl=DE&m=0&pc=n&cm=2&hl=en-US&src=1,"{'href': 'https://www.theverge.com', 'title': 'The Verge'}",0.9616332054138184,neutral
Apple iPhone 15 Pro and 15 Pro Max Review: Love at First Zoom - CNET,Apple iPhone 15 Pro and 15 Pro Max Review: Love at First Zoom  CNET,"Tue, 19 Sep 2023 07:00:00 GMT",https://consent.google.com/m?continue=https://news.google.com/rss/articles/CBMiXmh0dHBzOi8vd3d3LmNuZXQuY29tL3RlY2gvbW9iaWxlL2FwcGxlLWlwaG9uZS0xNS1wcm8tYW5kLTE1LXByby1tYXgtcmV2aWV3LWxvdmUtYXQtZmlyc3Qtem9vbS_SAQA?oc%3D5&gl=DE&m=0&pc=n&cm=2&hl=en-US&src=1,"{'href': 'https://www.cnet.com', 'title': 'CNET'}",0.9997770190238953,neutral
Apple Unveils iPhone 15 With Changes to Its USB-C Charger - The New York Times,Apple Unveils iPhone 15 With Changes to Its USB-C Charger  The New York Times,"Tue, 12 Sep 2023 07:00:00 GMT",https://consent.google.com/m?continue=https://news.google.com/rss/articles/CBMiSGh0dHBzOi8vd3d3Lm55dGltZXMuY29tLzIwMjMvMDkvMTIvdGVjaG5vbG9neS9hcHBsZS1pcGhvbmUtMTUtdXNiLWMuaHRtbNIBAA?oc%3D5&gl=DE&m=0&pc=n&cm=2&hl=en-US&src=1,"{'href': 'https://www.nytimes.com', 'title': 'The New York Times'}",0.999723494052887,neutral
Best apple cider doughnuts in Connecticut? Gov. Ned Lamont is asking for your recommendations - WTNH.com,Best apple cider doughnuts in Connecticut? Gov. Ned Lamont is asking for your recommendations  WTNH.com,"Sun, 01 Oct 2023 18:32:30 GMT",https://consent.google.com/m?continue=https://news.google.com/rss/articles/CBMiggFodHRwczovL3d3dy53dG5oLmNvbS9uZXdzL2Nvbm5lY3RpY3V0L2Jlc3QtYXBwbGUtY2lkZXItZG91Z2hudXRzLWluLWNvbm5lY3RpY3V0LWdvdi1uZWQtbGFtb250LWlzLWFza2luZy1mb3IteW91ci1yZWNvbW1lbmRhdGlvbnMv0gGGAWh0dHBzOi8vd3d3Lnd0bmguY29tL25ld3MvY29ubmVjdGljdXQvYmVzdC1hcHBsZS1jaWRlci1kb3VnaG51dHMtaW4tY29ubmVjdGljdXQtZ292LW5lZC1sYW1vbnQtaXMtYXNraW5nLWZvci15b3VyLXJlY29tbWVuZGF0aW9ucy9hbXAv?oc%3D5&gl=DE&m=0&pc=n&cm=2&hl=en-US&src=1,"{'href': 'https://www.wtnh.com', 'title': 'WTNH.com'}",0.9997795224189758,neutral
Apple lost $200 billion in two days after reports of iPhone ban in China - CNN,Apple lost $200 billion in two days after reports of iPhone ban in China  CNN,"Thu, 07 Sep 2023 07:00:00 GMT",https://consent.google.com/m?continue=https://news.google.com/rss/articles/CBMiUGh0dHBzOi8vd3d3LmNubi5jb20vMjAyMy8wOS8wNy9pbnZlc3RpbmcvYXBwbGUtc3RvY2staXBob25lLWNoaW5hLWJhbi9pbmRleC5odG1s0gFUaHR0cHM6Ly9hbXAuY25uLmNvbS9jbm4vMjAyMy8wOS8wNy9pbnZlc3RpbmcvYXBwbGUtc3RvY2staXBob25lLWNoaW5hLWJhbi9pbmRleC5odG1s?oc%3D5&gl=DE&m=0&pc=n&cm=2&hl=en-US&src=1,"{'href': 'https://www.cnn.com', 'title': 'CNN'}",0.9987571239471436,negative
"Taylor Swift, Sophie Turner, Ryan Reynolds attend Chiefs-Jets - ESPN - ESPN","Taylor Swift, Sophie Turner, Ryan Reynolds attend Chiefs-Jets - ESPN  ESPN","Mon, 02 Oct 2023 00:30:00 GMT",https://consent.google.com/m?continue=https://news.google.com/rss/articles/CBMiY2h0dHBzOi8vd3d3LmVzcG4uY29tL25mbC9zdG9yeS9fL2lkLzM4NTQzNTQ5L3N1bmRheS1uaWdodC1mb290YmFsbC10YXlsb3Itc3dpZnQtdHJhdmlzLWtlbGNlLWNoaWVmc9IBcGh0dHBzOi8vd3d3LmVzcG4uY29tL25mbC9zdG9yeS9fL2lkLzM4NTQzNTQ5L3N1bmRheS1uaWdodC1mb290YmFsbC10YXlsb3Itc3dpZnQtdHJhdmlzLWtlbGNlLWNoaWVmcz9wbGF0Zm9ybT1hbXA?oc%3D5&gl=DE&m=0&pc=n&cm=2&hl=en-US&src=1,"{'href': 'https://www.espn.com', 'title': 'ESPN'}",0.9995760321617126,neutral
"What to Expect From Apple's September 12 Event: iPhone 15, Apple ... - MacRumors","What to Expect From Apple's September 12 Event: iPhone 15, Apple ...  MacRumors","Sat, 09 Sep 2023 07:00:00 GMT",https://consent.google.com/m?continue=https://news.google.com/rss/articles/CBMiRWh0dHBzOi8vd3d3Lm1hY3J1bW9ycy5jb20vZ3VpZGUvd2hhdC10by1leHBlY3QtYXBwbGUtZmFsbC1ldmVudC0yMDIzL9IBAA?oc%3D5&gl=DE&m=0&pc=n&cm=2&hl=en-US&src=1,"{'href': 'https://www.macrumors.com', 'title': 'MacRumors'}",0.9988558292388916,neutral
Apple's $60 iCloud Service Is the Future of Apple - WIRED,Apple's $60 iCloud Service Is the Future of Apple  WIRED,"Tue, 12 Sep 2023 07:00:00 GMT",https://consent.google.com/m?continue=https://news.google.com/rss/articles/CBMiTmh0dHBzOi8vd3d3LndpcmVkLmNvbS9zdG9yeS9hcHBsZS02MC1kb2xsYXItaWNsb3VkLXN0b3JhZ2UtdGllci1pcy10aGUtZnV0dXJlL9IBAA?oc%3D5&gl=DE&m=0&pc=n&cm=2&hl=en-US&src=1,"{'href': 'https://www.wired.com', 'title': 'WIRED'}",0.9997437596321106,neutral
Apple May Be Planning to Discontinue All of Its Silicone Accessories - MacRumors,Apple May Be Planning to Discontinue All of Its Silicone Accessories  MacRumors,"Sun, 10 Sep 2023 07:00:00 GMT",https://consent.google.com/m?continue=https://news.google.com/rss/articles/CBMiWGh0dHBzOi8vd3d3Lm1hY3J1bW9ycy5jb20vMjAyMy8wOS8xMC9hcHBsZS1wbGFubmluZy10by1kaXNjb250aW51ZS1zaWxpY29uZS1hY2Nlc3Nvcmllcy_SAQA?oc%3D5&gl=DE&m=0&pc=n&cm=2&hl=en-US&src=1,"{'href': 'https://www.macrumors.com', 'title': 'MacRumors'}",0.9978561997413635,neutral
"As Smartphone Industry Sputters, the iPhone Expands Its Dominance - The New York Times","As Smartphone Industry Sputters, the iPhone Expands Its Dominance  The New York Times","Mon, 11 Sep 2023 07:00:00 GMT",https://consent.google.com/m?continue=https://news.google.com/rss/articles/CBMiQmh0dHBzOi8vd3d3Lm55dGltZXMuY29tLzIwMjMvMDkvMTEvdGVjaG5vbG9neS9hcHBsZS1pcGhvbmUtMTcuaHRtbNIBAA?oc%3D5&gl=DE&m=0&pc=n&cm=2&hl=en-US&src=1,"{'href': 'https://www.nytimes.com', 'title': 'The New York Times'}",0.99978107213974,neutral
The new FineWoven iPhone cases are very bad - The Verge,The new FineWoven iPhone cases are very bad  The Verge,"Wed, 20 Sep 2023 07:00:00 GMT",https://consent.google.com/m?continue=https://news.google.com/rss/articles/CBMiVWh0dHBzOi8vd3d3LnRoZXZlcmdlLmNvbS8yMDIzLzkvMjAvMjM4ODIyNTUvYXBwbGUtaXBob25lLTE1LWZpbmV3b3Zlbi1jYXNlLXdhbGxldC1iYWTSAQA?oc%3D5&gl=DE&m=0&pc=n&cm=2&hl=en-US&src=1,"{'href': 'https://www.theverge.com', 'title': 'The Verge'}",0.9862905144691467,negative
"Walmart's 50 best deals to score this weekend: Apple, Dyson, Shark, up to 80% off - Yahoo Life","Walmart's 50 best deals to score this weekend: Apple, Dyson, Shark, up to 80% off  Yahoo Life","Sun, 01 Oct 2023 14:20:24 GMT",https://consent.google.com/m?continue=https://news.google.com/rss/articles/CBMiSGh0dHBzOi8vd3d3LnlhaG9vLmNvbS9saWZlc3R5bGUvd2FsbWFydC13ZWVrbHktZGVhbHMtMTAwMS0xNDIwMjM5ODQuaHRtbNIBUGh0dHBzOi8vd3d3LnlhaG9vLmNvbS9hbXBodG1sL2xpZmVzdHlsZS93YWxtYXJ0LXdlZWtseS1kZWFscy0xMDAxLTE0MjAyMzk4NC5odG1s?oc%3D5&gl=DE&m=0&pc=n&cm=2&hl=en-US&src=1,"{'href': 'https://www.yahoo.com', 'title': 'Yahoo Life'}",0.9993610978126526,positive
iPhone Mini Might Be Discontinued Following Apple Event This ... - MacRumors,iPhone Mini Might Be Discontinued Following Apple Event This ...  MacRumors,"Sun, 10 Sep 2023 07:00:00 GMT",https://consent.google.com/m?continue=https://news.google.com/rss/articles/CBMiUWh0dHBzOi8vd3d3Lm1hY3J1bW9ycy5jb20vMjAyMy8wOS8xMC9pcGhvbmUtbWluaS1taWdodC1iZS1kaXNjb250aW51ZWQtdGhpcy13ZWVrL9IBAA?oc%3D5&gl=DE&m=0&pc=n&cm=2&hl=en-US&src=1,"{'href': 'https://www.macrumors.com', 'title': 'MacRumors'}",0.9994516968727112,neutral
Apple inks new long-term deal with Arm for chip technology ... - Reuters,Apple inks new long-term deal with Arm for chip technology ...  Reuters,"Tue, 05 Sep 2023 07:00:00 GMT",https://consent.google.com/m?continue=https://news.google.com/rss/articles/CBMibGh0dHBzOi8vd3d3LnJldXRlcnMuY29tL3RlY2hub2xvZ3kvYXBwbGUtaW5rcy1uZXctbG9uZy10ZXJtLWRlYWwtd2l0aC1hcm0tY2hpcC10ZWNobm9sb2d5LWZpbGluZy0yMDIzLTA5LTA1L9IBAA?oc%3D5&gl=DE&m=0&pc=n&cm=2&hl=en-US&src=1,"{'href': 'https://www.reuters.com', 'title': 'Reuters'}",0.8255523443222046,neutral
"Gurman: October Apple Event Unlikely, Upcoming iPad Air Refresh ... - MacRumors","Gurman: October Apple Event Unlikely, Upcoming iPad Air Refresh ...  MacRumors","Sat, 09 Sep 2023 07:00:00 GMT",https://consent.google.com/m?continue=https://news.google.com/rss/articles/CBMiSWh0dHBzOi8vd3d3Lm1hY3J1bW9ycy5jb20vMjAyMy8wOS8wOS9ndXJtYW4tb2N0b2Jlci1hcHBsZS1ldmVudC11bmxpa2VseS_SAQA?oc%3D5&gl=DE&m=0&pc=n&cm=2&hl=en-US&src=1,"{'href': 'https://www.macrumors.com', 'title': 'MacRumors'}",0.9996920824050903,neutral
Apple CEO Tim Cook on creating a clean energy future - CBS News,Apple CEO Tim Cook on creating a clean energy future  CBS News,"Sun, 17 Sep 2023 07:00:00 GMT",https://consent.google.com/m?continue=https://news.google.com/rss/articles/CBMiUmh0dHBzOi8vd3d3LmNic25ld3MuY29tL25ld3MvYXBwbGUtY2VvLXRpbS1jb29rLW9uLWNyZWF0aW5nLWEtY2xlYW4tZW5lcmd5LWZ1dHVyZS_SAVZodHRwczovL3d3dy5jYnNuZXdzLmNvbS9hbXAvbmV3cy9hcHBsZS1jZW8tdGltLWNvb2stb24tY3JlYXRpbmctYS1jbGVhbi1lbmVyZ3ktZnV0dXJlLw?oc%3D5&gl=DE&m=0&pc=n&cm=2&hl=en-US&src=1,"{'href': 'https://www.cbsnews.com', 'title': 'CBS News'}",0.9954714775085449,neutral
"EU's crackdown on Apple, Meta and others is to avoid forced breakups, top official says - CNBC","EU's crackdown on Apple, Meta and others is to avoid forced breakups, top official says  CNBC","Thu, 07 Sep 2023 07:00:00 GMT",https://consent.google.com/m?continue=https://news.google.com/rss/articles/CBMieWh0dHBzOi8vd3d3LmNuYmMuY29tLzIwMjMvMDkvMDcvZXVzLWNyYWNrZG93bi1vbi1hcHBsZS1tZXRhLWFuZC1vdGhlcnMtaXMtdG8tYXZvaWQtZm9yY2VkLWJyZWFrdXBzLXRvcC1vZmZpY2lhbC1zYXlzLmh0bWzSAX1odHRwczovL3d3dy5jbmJjLmNvbS9hbXAvMjAyMy8wOS8wNy9ldXMtY3JhY2tkb3duLW9uLWFwcGxlLW1ldGEtYW5kLW90aGVycy1pcy10by1hdm9pZC1mb3JjZWQtYnJlYWt1cHMtdG9wLW9mZmljaWFsLXNheXMuaHRtbA?oc%3D5&gl=DE&m=0&pc=n&cm=2&hl=en-US&src=1,"{'href': 'https://www.cnbc.com', 'title': 'CNBC'}",0.9908190369606018,neutral
Apple to Launch 'Low-Cost' MacBook Series Next Year to Rival ... - MacRumors,Apple to Launch 'Low-Cost' MacBook Series Next Year to Rival ...  MacRumors,"Tue, 05 Sep 2023 07:00:00 GMT",https://consent.google.com/m?continue=https://news.google.com/rss/articles/CBMiTWh0dHBzOi8vd3d3Lm1hY3J1bW9ycy5jb20vMjAyMy8wOS8wNS9hcHBsZS1sb3ctY29zdC1tYWNib29rLXJpdmFsLWNocm9tZWJvb2sv0gEA?oc%3D5&gl=DE&m=0&pc=n&cm=2&hl=en-US&src=1,"{'href': 'https://www.macrumors.com', 'title': 'MacRumors'}",0.9995736479759216,neutral
"Apple Watch Series 10 rumors: Release date, price, features and ... - Laptop Mag","Apple Watch Series 10 rumors: Release date, price, features and ...  Laptop Mag","Sun, 01 Oct 2023 13:00:00 GMT",https://consent.google.com/m?continue=https://news.google.com/rss/articles/CBMiPGh0dHBzOi8vd3d3LmxhcHRvcG1hZy5jb20vc21hcnR3YXRjaGVzL2FwcGxlLXdhdGNoLXNlcmllcy0xMNIBAA?oc%3D5&gl=DE&m=0&pc=n&cm=2&hl=en-US&src=1,"{'href': 'https://www.laptopmag.com', 'title': 'Laptop Mag'}",0.9997612833976746,neutral
Apple Boosts Spending to Develop Conversational AI - The Information,Apple Boosts Spending to Develop Conversational AI  The Information,"Wed, 06 Sep 2023 07:00:00 GMT",https://consent.google.com/m?continue=https://news.google.com/rss/articles/CBMiWmh0dHBzOi8vd3d3LnRoZWluZm9ybWF0aW9uLmNvbS9hcnRpY2xlcy9hcHBsZS1ib29zdHMtc3BlbmRpbmctdG8tZGV2ZWxvcC1jb252ZXJzYXRpb25hbC1hadIBAA?oc%3D5&gl=DE&m=0&pc=n&cm=2&hl=en-US&src=1,"{'href': 'https://www.theinformation.com', 'title': 'The Information'}",0.9997326731681824,neutral
Apple's Decision to Kill Its CSAM Photo-Scanning Tool Sparks Fresh ... - WIRED,Apple's Decision to Kill Its CSAM Photo-Scanning Tool Sparks Fresh ...  WIRED,"Thu, 31 Aug 2023 07:00:00 GMT",https://consent.google.com/m?continue=https://news.google.com/rss/articles/CBMiR2h0dHBzOi8vd3d3LndpcmVkLmNvbS9zdG9yeS9hcHBsZS1jc2FtLXNjYW5uaW5nLWhlYXQtaW5pdGlhdGl2ZS1sZXR0ZXIv0gEA?oc%3D5&gl=DE&m=0&pc=n&cm=2&hl=en-US&src=1,"{'href': 'https://www.wired.com', 'title': 'WIRED'}",0.9755808711051941,neutral
Apple's M3 MacBooks might not arrive this year - The Verge,Apple's M3 MacBooks might not arrive this year  The Verge,"Fri, 08 Sep 2023 07:00:00 GMT",https://consent.google.com/m?continue=https://news.google.com/rss/articles/CBMiTmh0dHBzOi8vd3d3LnRoZXZlcmdlLmNvbS8yMDIzLzkvOC8yMzg2NDcxMi9hcHBsZXMtbTMtbWFjYm9va3MtcmVsZWFzZS1rdW8tMjAyNNIBAA?oc%3D5&gl=DE&m=0&pc=n&cm=2&hl=en-US&src=1,"{'href': 'https://www.theverge.com', 'title': 'The Verge'}",0.9930378794670105,neutral
Apple's Stock Is Having a Rough Week - The Wall Street Journal,Apple's Stock Is Having a Rough Week  The Wall Street Journal,"Thu, 07 Sep 2023 07:00:00 GMT",https://consent.google.com/m?continue=https://news.google.com/rss/articles/CBMihwFodHRwczovL3d3dy53c2ouY29tL2xpdmVjb3ZlcmFnZS9zdG9jay1tYXJrZXQtdG9kYXktZG93LWpvbmVzLTA5LTA3LTIwMjMvY2FyZC9hcHBsZS1zLXN0b2NrLWlzLWhhdmluZy1hLXJvdWdoLXdlZWstbTVES2xnR0NjM0hkR0Q4NWh3VnnSAQA?oc%3D5&gl=DE&m=0&pc=n&cm=2&hl=en-US&src=1,"{'href': 'https://www.wsj.com', 'title': 'The Wall Street Journal'}",0.9992464780807495,neutral
Thoughts and Observations on This Week's 'Wonderlust' Apple Event - Daring Fireball,Thoughts and Observations on This Week's 'Wonderlust' Apple Event  Daring Fireball,"Fri, 15 Sep 2023 07:00:00 GMT",https://consent.google.com/m?continue=https://news.google.com/rss/articles/CBMiYWh0dHBzOi8vZGFyaW5nZmlyZWJhbGwubmV0LzIwMjMvMDkvdGhvdWdodHNfYW5kX29ic2VydmF0aW9uc19vbl90aGlzX3dlZWtzX3dvbmRlcmx1c3RfYXBwbGVfZXZlbnTSAQA?oc%3D5&gl=DE&m=0&pc=n&cm=2&hl=en-US&src=1,"{'href': 'https://daringfireball.net', 'title': 'Daring Fireball'}",0.9997443556785583,neutral
